replay_count,hint_request_count,stylus_deviation,swipe_velocity,read_aloud_pause_ms,disfluency_count,inter_tap_interval,learner_type
3,0,2.6871124072518544,145.7251460945215,1378.9475498870042,5,835.1796166045419,A
1,0,5.380117709711128,305.338013138074,278.5586283233216,0,465.86923667296213,V
2,2,5.942073522790345,86.97617943896195,1828.3365920073463,6,1057.9565180593165,A
2,4,9.483391652346008,169.01468343225136,1044.0257477237171,1,568.5565209776238,K
4,0,9.68799844332962,211.04743027994047,1831.5471487229752,5,651.9649123698175,A
4,0,15.656364095743,160.26707029963055,1589.1594881975554,1,579.5340659851892,A
4,0,12.646875344700803,128.57915799438965,1238.5986793327347,1,875.0150930674208,A
0,1,8.212818866644131,321.7707584165876,274.1444447495742,1,336.8926435165686,V
2,0,11.855247385639597,248.45330303092885,2040.7637775141238,3,350.81876354763926,A
0,1,11.704177080827833,215.31701951014546,970.102162084347,1,686.5992238204328,K
0,4,14.942483960358159,279.4081037530864,671.4199298683789,0,545.6397546987049,K
1,0,4.948201068742254,221.83660308452798,781.3458812572889,0,629.3798358069427,V
1,5,14.130972035844634,153.97580444884466,932.7797600544984,1,626.2661788142149,K
2,3,12.322573178368177,188.15769209270331,1104.4386037469822,1,498.39884608330215,K
2,7,17.98632810474131,218.59057352814153,757.2483000014281,1,616.0188588502168,K
1,1,15.298626921357691,74.32535615111934,674.5483574756079,0,685.0743287942356,K
1,2,10.068158104276549,240.9739492528322,1280.8271507124334,1,519.787963050336,K
2,0,3.4913066461894315,194.56704955419806,702.3090124157502,0,399.64498712297353,V
4,1,6.970111572087165,332.8534730676297,744.4375253325442,1,549.1270404495626,V
2,7,12.428984557535948,211.89895118280955,453.80138518968596,2,587.9695940879241,K
1,0,10.28498298106608,178.33308538707172,1459.9379350711279,7,640.0906590911611,A
6,0,11.845165421039635,247.40257191137493,1678.7960782537875,4,742.1710005806727,A
0,0,4.290850035663184,279.9678840458458,322.2547873519975,1,494.80552687518775,V
1,0,8.578138438991507,238.85647585756095,539.9991309753736,1,444.0039891024018,V
0,3,16.022464026220835,81.15793835561522,941.4671023763924,1,577.4893495339929,K
0,0,3.9430623732703864,359.5779281861492,669.4413475791573,2,254.9094192154644,V
3,2,13.057196447242582,145.1389080692892,2152.9855468204128,5,1012.3916445453626,A
2,0,3.61272538636033,363.71422153156266,575.5489163724524,1,457.40923579647983,V
0,1,15.658333577872206,300.80308686979095,905.560869134885,1,669.5233152128519,K
1,0,5.448438911385089,306.38752203015264,338.4238755742569,0,393.93228125586836,V
2,3,9.228559786777627,230.7005021309929,830.069431834737,1,500.5821979090922,K
0,0,5.407785436108379,210.63229502469557,799.3945689477152,3,483.5055157789104,V
0,3,16.84167795604294,158.17480786261328,716.1686803260527,3,670.8087587726288,K
3,1,4.262135073809912,271.3862165922284,592.9712966717535,0,507.40570533879776,V
1,2,13.306978665584612,435.418648458847,737.1627601360769,3,715.5000043271104,K
1,0,8.51602447487763,200.3305985954201,1248.028825066276,1,671.9880927295958,A
1,2,10.675913040200323,248.12136378864207,736.4901019362642,2,603.09883252497,V
1,1,6.874806601411473,293.7934212463694,438.5540090608382,1,371.3977443941942,V
0,3,17.54015080635547,133.27755977509514,1165.8549774733435,1,726.2907086657812,K
4,0,12.603386810583418,152.31895953859575,1331.5327937086295,5,578.3933686974656,A
0,2,7.809371950746135,302.48189842576693,625.669881199169,1,352.5728641712328,V
1,3,10.661571821809591,219.7047403856317,577.7948715252802,0,479.4853940029907,V
1,1,13.530553175134665,165.75893319529223,722.6522069818877,0,798.1762606588984,K
6,1,5.428358044867659,104.685808668037,1423.6001319836637,4,579.9796176596833,A
8,0,11.331434418194739,250.73726467305812,1449.7869255147657,4,456.91191439117733,A
4,0,12.300334605865444,236.0034324244279,2195.665586153512,5,706.1648831640879,A
1,3,5.012542842896255,220.4743200312237,892.4273618540751,0,453.54581311292577,V
2,0,6.144024074851577,269.80855120652865,872.6483112307953,0,482.295602437802,V
0,3,6.77072940876013,270.1727798448533,620.0545928157094,0,441.1860381989616,V
0,2,12.386495278434863,241.66751221674087,824.7682439787234,4,419.96544127992536,K
0,1,7.3959920582389005,282.178118116719,667.8154478884809,1,415.95747686296374,V
1,0,10.757718887324236,174.9643710371501,1283.4413118639216,4,750.2802371777743,A
0,1,3.649851372266549,256.9408712705063,439.3537405035788,1,552.334421869349,V
2,1,3.578977844385813,207.60884401835995,788.8738373797879,0,461.09976628237206,V
4,0,11.494309089968777,225.71746528930103,1408.620628309426,3,597.0095958838774,A
3,0,10.970853922061599,148.4717317868326,815.7605693231263,5,612.4448617331063,A
0,2,15.08249855037745,283.1861161330744,550.3450828063294,3,587.4394498037494,K
1,0,8.18581993249341,233.51613367894453,427.70529857387885,0,460.27436818688244,V
3,2,10.534708503929409,268.82894898669076,719.2727672349142,1,572.1989147925092,K
0,3,12.147850144453448,334.40158659411344,999.9495442844491,1,509.5517612401143,K
2,2,16.34810926205259,311.42577773670564,776.3763035549682,0,378.99146442868255,K
2,2,7.994098357649694,355.9594328769242,689.6950732436757,0,428.4661613513517,V
6,1,12.410020843984743,141.40784100535234,995.7609356117599,2,819.7710338544439,A
0,4,13.981582496078802,289.0343212814563,754.5309152687071,3,342.75352321605425,K
1,2,15.452290673773835,201.30152938369605,1425.4534348911152,3,363.08742175214184,K
0,1,8.661414766046038,212.80267603467956,675.9674591932869,3,539.4625972313653,V
0,3,14.83004650105531,118.47004016121234,678.5947363119293,1,385.9757696858794,K
2,2,6.701370728796205,292.5284185164529,357.4999082339918,1,641.1954402751172,K
0,1,12.731891725438947,145.9396599820268,710.1465937142768,1,642.9543038348469,K
0,0,9.89471138147331,137.88764964954885,1599.6995869283764,1,890.9231662883931,A
2,0,6.165483515146442,146.8897591624503,1136.8696967449428,5,912.1899706776741,A
5,0,9.217211955999908,101.95366177957072,1210.4685195485824,3,731.1601996464973,A
0,2,6.597988277689916,291.3870221263655,646.0065800287822,1,525.1220579813512,V
1,4,12.33453236907658,278.40980222413424,987.8267826780618,3,592.4519335510392,K
1,0,5.620306382789295,267.4647872916527,303.2129298459602,2,380.23028270348243,V
1,0,3.7174144503465727,251.33014304354828,618.5513547155753,0,375.04233041582097,V
1,4,19.874179024665118,310.5697206675468,1165.156023455406,2,718.3591515727435,K
3,1,5.523561843307927,280.4936778543853,459.42654441904585,1,242.5186588260365,V
0,1,4.548004063525519,270.1482851361662,608.3219606882037,1,344.55569041522415,V
4,1,10.317693514686106,265.78383355470237,649.7118249988187,2,506.411064627253,K
1,3,10.31709732580185,215.60527825422707,685.3910457339143,1,618.4647326807859,K
1,3,17.112484110402512,281.7732039218406,292.6025533586161,0,735.7287012195761,K
0,1,4.082139180395816,270.7015262425785,684.9120881571679,1,414.573035547898,V
5,0,8.547549234958469,82.9391942214505,1383.853559706929,9,897.5431117329545,A
2,0,5.36726265178009,306.0063745096965,775.0831522764784,1,412.165358219866,V
1,0,3.2449480832552413,378.20770341081163,700.1244276138191,3,457.88693305350586,V
3,0,5.7551902401235004,157.48379846044608,654.7970204195368,1,385.7351465627748,V
5,0,8.655854718108412,181.89169028233525,1245.9923752828006,6,475.6845913037955,A
1,0,13.04911222803885,114.28635425470372,1592.841927737105,3,834.4915011566858,A
0,0,6.025216593119746,193.2885942378129,668.1359672412738,0,214.71335065745538,V
1,2,10.65978583142806,252.1840335244296,824.8052225885967,1,726.6576560990354,K
0,1,10.884316353766863,177.8259938066547,654.9251608758198,1,590.7591048455445,K
0,0,7.056885050168698,185.77059553126645,632.4465584558498,1,475.67570457195205,V
0,3,11.540425245200975,152.19837209736983,1042.2841490340975,0,707.8579636500186,K
4,0,5.745533734434316,160.37270059074203,1589.76298426606,4,623.0024203478849,A
5,0,8.76404575569871,153.88859687973644,1492.91714700806,8,673.5493622690962,A
1,0,8.915901482279137,128.57738461433263,1692.2644445104659,3,566.5026585788222,A
1,2,13.139588504595599,189.26732365557945,2260.1175528764884,4,630.2178783931234,A
2,1,8.987833856236701,201.3527637416098,591.1527653779564,2,447.62302122954986,V
5,1,4.933555153253937,225.9753639492502,1619.029451515032,3,419.8042522749497,A
1,0,6.398532258825894,217.88570792936324,560.6108193355838,1,482.24711020814556,V
1,0,5.159123663095279,233.20443824957954,613.4574687887973,3,457.3024134728621,V
5,1,6.834982953606291,178.09960196400877,1499.490232207809,4,1032.6656128430632,A
2,3,5.68041829104891,279.31995450419294,464.7410972037644,0,444.2561079564139,V
0,0,12.021773567716767,171.81313537279522,1571.4628070697602,5,585.7892949262928,A
5,0,2.976668117030181,126.96687678974246,1045.6612336910384,3,641.9264147792899,A
0,1,6.693077058552398,380.99447664101564,793.5143446040162,1,405.81837572312816,V
3,1,11.289029376675417,310.0957936965186,880.4431861923406,1,687.4238359572195,K
0,0,5.209412536178107,269.1970323538513,606.3532031845848,1,587.8385190085952,V
4,0,12.285094782805665,204.4378641426389,1752.1444077676886,8,600.6438612152646,A
0,0,6.8903470022289905,220.9764341852117,300.83369737937755,0,385.38204636384484,V
0,0,6.272146460324125,243.16019839083395,322.45504990947506,0,518.6009458881238,V
3,2,12.09983691078915,143.6741908281158,1207.7051598838416,2,346.24771061110846,K
1,4,10.952673039517483,274.6918836855873,963.5444966005392,1,646.6026441011874,K
0,1,5.794891736812953,287.0288908888102,483.9074024299947,1,515.901046217547,V
1,0,7.92084514696657,205.3012250314926,600.2507029624757,1,516.6211752476328,V
2,1,5.340894783651515,121.77200239542822,1480.0399189127183,2,861.6496639609276,A
0,1,9.874843069555999,175.01702574557467,472.60245347747235,1,498.56495189889245,V
0,3,13.020517029282766,282.78826677162317,818.2961380016986,0,620.9169143375384,K
0,1,4.252667814342076,329.6134533873608,354.44831162416983,0,433.91054334718297,V
1,1,10.206484953422477,225.53273762776007,807.6077938205317,1,396.5511956764961,V
1,0,5.06920227046685,216.96766789401659,684.9166438686818,0,466.4443623127637,V
1,0,7.630369277863335,239.29390341387202,580.3724954412697,2,507.0067125442723,V
0,4,15.835131344361008,193.4023040368245,772.7182395771181,3,491.13876094219523,K
8,2,15.917570313660182,180.500472299744,1684.9799956868678,5,685.6104787285024,A
0,0,4.589980291711171,201.42894981047544,486.5848816730512,0,307.2014826354906,V
1,1,9.104657272390924,240.74738985004012,349.78113767764165,0,438.77669179033444,V
0,0,7.181469021461465,224.4041606924643,433.1114603112176,3,589.2291213420499,V
3,0,14.699852323113987,131.52838217395524,1120.3549885440807,2,740.4298416045553,A
3,1,12.892545655435248,134.9378427815166,1417.8686190283743,1,906.7413974172963,A
0,1,7.8762013782570515,253.90226994864275,774.3985024863225,0,460.7588467431432,V
0,1,9.547763245968572,227.36171804365307,968.9455501654304,1,639.9980765338113,K
2,1,7.089620415459885,225.1942410841517,859.522221346612,4,703.1403149249412,A
2,1,13.19741689450983,34.51744094463211,549.1498100110679,0,682.4515571057846,K
1,0,7.988316290130017,70.23958466602615,1138.925734935033,0,794.954048487542,A
1,1,6.344618789726356,203.1419983284466,375.89728437782065,0,353.2602228236885,V
0,0,6.423810591778491,255.80026013698787,773.1403130918592,2,455.30973712768423,V
0,5,12.722038917421196,192.88241833926477,587.6515631600836,0,362.3563246033476,K
1,1,4.272912806536196,224.45853613663613,333.38174497025966,2,592.431341581759,V
1,0,3.8040260085879676,243.75470014516833,229.02947971647467,1,530.4093664713911,V
2,0,13.257617987488779,177.13477044145677,1843.285930734326,1,720.2882624141675,A
1,0,10.91076095426538,195.52461919075205,1954.0244234548004,1,762.7684251511337,A
2,1,6.777525614696799,135.54029331872525,1097.3795116671354,6,707.6195209916798,A
2,1,8.029979242622243,136.2510076606584,1478.2062457417555,1,1122.0570360700067,A
3,1,7.725610924804181,262.9683204747638,364.5031640334865,0,491.51104598307154,V
3,0,10.776814165543023,161.16640167565745,1425.4961614969661,5,531.7540153919209,A
2,3,13.761301745775931,199.23559086011176,1285.7681057732016,0,542.7335713468455,K
0,0,2.0498290825567733,287.5847568102606,625.6351273233784,2,510.8189380681889,V
0,0,7.128512313075682,253.25663563996818,884.1360906751777,0,299.3262321578503,V
4,1,12.162212133355842,176.22415898883997,1023.5533482800726,1,372.4455067103349,K
0,3,4.900030103984337,198.87897816043986,476.5793816303256,0,348.7215355239506,V
1,0,6.290493898774306,114.00431280393613,1036.533526365909,3,1153.1771393672489,A
0,1,4.3905328018684475,233.34433561851066,753.3112620263455,0,566.1541696149602,V
1,0,11.302606304263199,121.1300963442053,1036.4434561099702,4,662.1123557509699,A
2,0,9.891583551802896,159.2881789571645,1304.6736655100185,6,835.6549504476483,A
0,1,11.042949467136161,154.7553309818565,594.5939237522639,4,524.2774153201862,K
1,0,7.844056118134118,175.12899245106397,490.92418739893753,0,627.5871557431217,V
0,1,6.10636179942007,224.07835087882478,380.99613586371186,0,496.9113632974693,V
3,0,8.788998050344324,197.49029867352016,973.950177364437,3,589.5712637718609,A
1,0,8.015671582083836,248.8084288289576,389.48273424745594,2,380.84089724115233,V
0,0,9.224755279449461,226.399399852667,2145.696267380009,6,1031.2614424489593,A
4,1,6.690165681519602,187.04844379816382,1347.505493996311,4,635.3997314143942,A
1,1,15.509662118488471,234.6462847499407,426.0650852442493,4,835.6165768423609,K
0,1,8.063907513691444,233.17449701781882,531.8582555246138,0,381.9920680906147,V
0,1,6.47065694261093,232.62512404522042,500.7529004226597,0,611.0058661724555,V
1,2,9.696669303196678,305.62680878436777,685.303052338337,1,479.2187827406075,K
3,2,13.263503873514225,126.92587564356035,1315.457523455745,3,620.0423622235228,A
1,0,9.977029567944049,85.1141942788999,591.3919761172056,2,555.9637964544816,V
2,3,16.444991016404007,286.8265375476795,838.3356057803873,0,637.9208036215792,K
3,2,10.570881900250276,219.63304149391604,1614.4747361031498,2,1043.7245955022408,A
2,0,6.597062645050693,142.77561183386902,1045.7527105357826,2,601.3029422034358,A
1,7,21.359795150884814,276.04653019338167,725.6121913597916,0,561.3663134020627,K
4,1,10.848032731439233,229.6445923653008,1498.4372538137695,5,442.4830482833773,A
1,0,5.336945369677463,234.80555933198045,469.2934994706986,2,500.14798773190023,V
1,1,4.917497583174432,306.47487964335374,596.6549091271131,0,405.3945077451446,V
3,0,9.361615432280184,118.93994745140517,1189.441947919667,2,570.9970175748844,A
5,0,3.702288097472989,201.63964676126204,1388.0932718380323,3,773.5177589588651,A
2,0,10.447680080450034,117.71956820634477,3152.5323311681486,5,612.3871177536647,A
1,0,8.107080756710934,104.98869322777651,714.2292656437021,4,515.206366851167,A
1,1,7.145549682895413,264.76469336657664,732.6260710572565,0,269.26471923858765,V
2,0,14.63469725554894,212.01394642151905,852.0381279902674,2,762.5964566030331,A
1,3,5.752405471395817,247.52144336318926,558.7336099463533,0,287.63888950664847,V
0,1,15.71886157602443,187.2711760639743,716.4443708819354,1,567.3338780601035,K
1,1,10.428938015769871,135.6135873336795,1071.1786231630226,4,509.09127959074533,A
5,0,13.884979646903535,167.46906082952916,1627.5414577773656,6,658.4102208691106,A
3,0,10.229809818359811,106.49967206591424,618.2950355534942,2,693.9022408950423,A
1,1,7.6276812334848,261.36311853497637,806.4352555245982,1,471.6457088337062,V
1,0,10.806410446684264,151.32833847439892,1715.442082722392,1,974.6946949657366,A
0,0,8.775605167860412,253.69511503718863,449.90118077482293,2,271.7672099008448,V
2,0,6.155949417886346,138.37925099100565,1184.6774340583745,3,441.56577917019445,A
0,0,8.388949737321159,252.1993772683309,566.7467801802726,1,521.7915824285417,V
7,0,6.817032763906499,89.27275532452151,1938.8751219847961,4,430.15097167731784,A
0,0,8.783286614906258,302.1608432191995,138.8818188392989,1,560.502366478928,V
0,0,5.5258976961749635,204.38165022218953,368.1843499974155,0,325.06258150716656,V
5,0,12.919252447258348,224.71977867942059,1784.7026316664756,2,902.3802714944907,A
3,0,9.72456773979646,210.0165802267206,1440.925214826402,2,533.7728812372599,A
0,1,5.18229506344024,298.3169156947978,538.4390938480443,0,539.0378003480928,V
3,1,8.706456808594654,165.91523019257266,1376.0369589624027,5,713.4225760493733,A
0,3,14.183325985477728,181.64820767594352,792.5596902204785,4,727.036348080304,K
3,1,9.969811354808302,151.75198297182246,998.2226081837684,5,944.3046815582142,A
2,1,10.20076786359736,138.43958491044265,1593.2858213768834,2,874.2387875138277,A
1,2,4.892193334642876,272.0518515971657,750.8383827603388,0,630.7774075117161,V
1,1,3.8286301637674374,245.12333597235005,458.9858417187084,1,461.1892030468091,V
0,0,4.3554503285012505,245.22617136049865,378.5768571262237,1,302.1973755531882,V
1,3,11.718378322097394,241.06868151347152,1242.0324797324029,3,641.3387194920264,K
0,0,7.136323102195853,277.20233503280843,404.4762328205651,2,390.00504951959704,V
1,1,8.409514364674296,250.9963739968138,529.8340099446639,1,342.4384543481181,V
0,0,10.058922889065798,301.97828427942704,531.2599842712883,0,454.36284007806125,V
1,6,15.379424726203261,76.38630105371226,878.6767372341225,1,369.5873238985606,K
0,2,8.736886468226356,318.1544316440952,477.7040320872007,3,453.8042735591113,V
0,1,12.362186847380537,310.8777133119714,699.2095675675253,2,754.3192983528037,K
1,0,12.400337041240919,162.97045225028472,1417.271980360781,4,767.8947922405736,A
2,2,14.73217288121868,243.48534258809985,419.2021699386657,0,539.40740667457,K
2,4,7.374275329400407,167.29086813776712,1020.4451127064826,0,654.6049779248149,K
2,0,8.50612914106096,42.621402815148684,1693.7361802199066,3,593.7386184134047,A
2,4,13.217579714608117,86.58903045409595,756.1736142396779,4,655.1672737271125,K
1,2,13.647982843869487,167.02157319950294,823.9480299994692,4,357.38740895796934,K
0,2,6.057120527167675,287.31394483949595,401.6390568663896,0,551.0907460284011,V
2,0,2.5337494841674104,211.81309490558175,1240.6493127282579,3,742.5909619947791,A
4,1,8.3729689810977,145.4315364797985,1826.7045994927826,2,1090.1770716229382,A
1,0,15.427228839383313,0.0,1076.0974232619974,0,476.64975671222595,K
4,0,10.306713024563978,150.1421405855233,1672.8487536222258,3,389.3031439604959,A
5,1,12.608759087744048,164.44417026668592,1140.520848208309,3,734.4655629086438,A
0,1,6.167282158671563,171.33154788713836,712.623462508648,1,536.1211152461133,V
2,2,13.406310432293907,285.08026740844684,940.0132053965954,1,328.57532540535976,K
0,3,5.902787860317344,317.1815119765185,298.19462023477007,1,336.35840728378645,V
1,0,2.7469172803185122,203.3703026053406,1479.3404140746811,6,872.4559052533843,A
1,1,7.844723851455829,213.0093337630823,361.35301611681086,0,370.6073640282372,V
1,2,18.75017762000082,233.27276458052768,640.7736876915136,2,508.8369907540955,K
1,5,9.899957459518541,216.5549849434806,813.8074697520441,1,628.7289577301899,K
2,2,4.109451115033732,240.74190355165416,936.4282551947335,0,382.2073940285688,V
0,3,13.086498885010219,177.564975295286,1003.1345105416939,0,683.3972581627663,K
1,2,11.325709427752978,147.67844791133373,797.3390320342902,0,489.0346722671919,K
1,2,8.578008562272547,248.0020305745138,1010.0446512045254,1,525.3559596483728,V
5,0,7.769218199373736,201.419370395843,1284.425736513847,6,588.1888456107725,A
0,1,6.876288257368885,290.0806059612897,487.3021719665414,0,535.7372635284984,V
1,0,3.2619609508642533,272.68183090554743,746.2732264446607,2,260.69366112716375,V
2,7,14.396362501657158,344.6990422145461,686.5996722095736,0,680.5100132998317,K
0,1,6.589915846155737,215.10210265101554,688.258297875489,0,442.07597610863496,V
3,0,10.717182967756045,213.58956968419207,1620.476316389126,1,986.5055604438485,A
0,0,8.28075675479785,232.84548783622054,659.2030412267151,2,442.46164092733505,V
1,0,6.360380411844693,311.5438175807534,701.2521486084134,1,439.70536077942756,V
6,2,11.462339235623684,180.82849405714828,1295.3941531405785,3,893.8389500760028,A
0,0,5.490854768497001,322.810148278713,106.98878087794901,1,458.09729548679036,V
2,3,10.035243139216012,119.90043238668153,1130.5152205906115,0,592.5433937307863,K
0,1,5.404062614116177,309.0693131264581,335.5636759505646,0,611.4980558207055,V
2,0,3.5064053495212937,175.19276908355107,1323.4401285825086,2,791.9769070262989,A
2,1,7.669086499378998,166.86818670817883,1465.7868324569786,1,862.5477655145838,A
3,1,10.552690390486429,96.36254686714062,1632.8681065558878,4,732.8318935261593,A
1,0,16.40378364600009,143.2771912940926,1312.8257965300957,3,797.6842627956876,A
1,1,6.585263392617848,219.24584566340016,336.24613911857,1,511.86764153063325,V
1,1,18.744288337512707,197.3872069426351,667.0836123892299,0,529.5316847744825,K
2,0,6.987147096451233,229.06520807126356,1531.852167044594,4,1023.1211586233301,A
1,4,15.369936435566293,150.2837061796974,917.3349008720865,1,536.376580630631,K
1,1,5.570551116169714,152.0900139693571,618.8019312273128,0,491.19508517053856,V
0,1,6.416884449134334,295.36559866563323,402.65967817616485,3,414.6542058848222,V
0,0,5.939021085904821,151.97961108102186,715.4412705795464,1,411.6713942933277,V
2,0,2.9355770093635907,236.03088548603134,712.7588683445576,3,428.2314351057609,V
0,1,5.902500420713292,288.37804692947293,548.6696184423428,0,560.6932609512044,V
1,0,4.718590706579432,222.6130523654095,833.8831478847446,1,478.38882792531325,V
0,1,8.464186513019051,322.19017210009895,792.7361394722072,4,589.7196126275708,V
2,0,5.782966142906295,259.3107598136536,660.0535980734637,3,412.4603329235184,V
0,1,7.22804652233024,311.9212812853888,706.1422426226766,2,362.93804765185666,V
2,0,13.549544419780673,68.82668059626607,687.9145643051143,3,379.2248735880316,K
1,3,13.220442202243145,219.50796547761144,850.1049208380389,1,516.7217186723508,K
2,1,9.410987121954994,125.39116837282566,1548.9452643936643,6,719.4752432746528,A
0,0,8.827554471689774,321.06314504460033,807.1155403970857,1,450.4637418016698,V
0,1,9.333929987403197,291.16939753288864,771.74006067766,0,411.1157891389721,V
2,2,17.182926374072906,372.3274096564334,1185.5718504739568,1,599.9205517826484,K
0,2,18.67484004558041,58.045215197170194,1083.5594109717813,1,581.8627467995268,K
0,2,7.590512035582773,244.93053962198147,294.01330490796187,2,556.232925272647,V
0,1,5.794706451432828,193.82640487050708,556.4222732934347,2,379.733701179165,V
1,2,8.807787472665513,300.85045494444216,741.3264988950544,0,473.7444441210933,V
2,2,6.19930183710269,329.06341333457385,525.6419709363142,3,457.766758208709,V
1,0,6.1604546271363185,296.0594943205605,526.0493049055186,3,454.64045186577795,V
5,2,7.769368919614621,123.1016397126283,1355.309245908856,3,539.9347170031901,A
0,1,5.410276963588974,276.48746278085764,491.0989958255405,0,393.71561343673125,V
0,0,6.214144178700031,181.79135279560612,715.7120108110273,1,434.09042326053935,V
3,0,8.325340816954846,214.68927345424927,1722.4085604805987,4,731.4427443653024,A
1,2,14.381285814983954,270.88292086857103,681.0499865116274,1,357.056496515815,K
0,0,9.035858772972619,240.18671801929946,861.5816012194804,0,427.1814146053607,V
2,2,7.298820520059166,113.79756485434937,1108.9146923731898,1,342.1849809570698,K
1,3,6.041863467501586,215.89826454306885,457.093750399494,3,292.0907542745422,V
0,0,9.684862696407144,164.971161752052,31.47841430473204,1,321.29930979443077,V
0,0,3.4476195561436165,255.86030776791216,701.9704034581289,1,489.9083091055633,V
1,0,5.244119686208071,218.5284249869918,465.6877060156439,2,569.1105712212027,V
1,3,3.736280938931828,273.82444359484816,484.17912821322096,0,340.9377079870321,V
5,0,6.1165690318596075,146.67106980299894,740.2856460831667,7,709.228367630377,A
0,7,10.85445868223455,134.6578371171227,1235.3062250254554,3,527.1858804764696,K
2,2,6.959679696613463,228.2653727753744,370.9548288083498,3,293.0004472913238,V
1,0,10.448141108772866,254.9217834089657,664.7829099617566,0,391.78587009121355,V
0,0,7.507606834367584,223.76175206325902,679.9182597418562,1,401.3697866803734,V
1,1,5.986309834459704,228.566978468153,720.0087865677281,3,410.9120302851656,V
1,4,14.134093834096118,344.7222548191169,767.4855483303202,1,563.0735018201761,K
0,1,0.6910865948452649,258.35233416525926,611.3251747344804,1,372.37158877005174,V
3,1,6.998162191578016,218.2152769120305,855.4771927763202,0,774.5193300008652,A
4,1,6.841095800394434,104.8610685784333,1399.980608643841,5,785.0191194708744,A
2,3,8.343004312939598,217.70718382466092,737.8318044961288,0,488.5596161980766,K
1,0,7.869389616935347,274.6347292365529,610.012235827556,0,427.7165215944377,V
0,2,6.707653317938456,337.0176580495551,573.0491786008982,0,537.232871850354,V
0,0,3.1343238192392024,292.8579809017746,514.3039419299287,1,374.60010406664,V
2,1,10.50723982213303,114.78976099360577,1462.7296633374183,2,508.2023840482623,A
4,1,10.696223068221688,270.80513416467556,1163.1338385518347,6,588.9387625714564,A
3,1,9.846101179700806,150.77676468734427,1658.0174236714984,4,884.2352738873302,A
0,0,5.882360854042441,308.1047821322414,710.9890484761106,1,311.1630060073337,V
2,2,6.068159472051074,269.4458642032573,839.3670071020193,2,408.37373161041677,V
3,0,13.439929404855954,220.48564786391552,1466.7144174798784,2,663.6040841580195,A
0,1,4.575701529877277,238.45162702168955,684.5334477113777,1,443.8551802654105,V
2,4,15.339643108517476,239.63177476612478,1201.4312288909373,2,733.4965560428849,K
0,2,18.78552972061277,179.62508257255445,698.7607808541327,3,498.28469204470855,K
0,2,7.573022907388905,288.13393731519363,662.8480516551132,0,418.2924347018536,V
4,0,8.80535869751429,111.25457425701023,1239.591004699336,3,686.8996066620691,A
0,1,4.911072404711675,215.69366669578014,335.8988849162689,0,544.271270839051,V
2,3,14.614709741228932,190.7965562955667,826.4170225063283,3,329.41461975082126,K
2,0,12.732284246118338,228.83536794153937,1217.49302752653,5,975.1964650182936,A
2,0,6.197356561046728,228.50658698803656,553.1796452931907,1,413.4710498426767,V
2,0,6.608801315745394,81.48740528894406,1742.9854935584576,4,800.8321075914293,A
0,2,3.4337084540111213,253.01511745801218,402.00114958939173,1,575.8092250908136,V
1,1,7.859703087399742,217.58326534415733,552.5933023553264,1,400.68967970117063,V
0,0,6.968706260501293,250.50427233009694,733.3629816521747,0,425.01601136456475,V
1,2,4.4460433319535815,222.66827879640775,30.209797656762817,2,371.3506162247787,V
1,2,7.715655796958062,282.2423382765972,461.24134270343893,1,360.8564512564433,V
0,2,15.438851982562042,281.09484381477796,663.1531387679984,2,555.4298716274785,K
3,0,8.58654303573481,75.55770558333498,1324.0969162042993,2,546.3835294336618,A
3,2,8.820859782213223,195.8107787365936,585.2981631578243,5,547.1768204049827,K
0,1,5.551998731043156,98.23692742442418,881.182298262257,3,451.9144258184984,V
0,2,12.337436691664065,253.4814007036022,941.0704747585061,0,612.05501508028,K
4,1,5.203359654366512,174.40232147392464,1378.0286065976359,1,654.5727789076512,A
7,0,12.86894460495511,220.71663426946583,1278.4913081151012,2,508.85389621900504,A
0,2,12.680868607083765,218.78864332871498,1245.2322032639452,0,425.19782808815467,K
4,0,6.902615762202674,99.34084565268736,1579.536941841597,5,585.2283015679332,A
3,0,13.839985971637148,179.1756860036605,1275.5990466549779,4,591.6517058675392,A
1,1,17.99727665024769,315.41680283473056,1224.617035411877,1,502.79526486207544,K
0,2,3.3158401588005337,259.7510885269251,609.6786932592174,0,351.2544917912316,V
0,1,8.324956082322192,186.503383540502,311.42061518314256,0,419.86304191664436,V
1,1,16.38026273702767,118.70591304050973,922.6099245890047,1,368.61317320564433,K
1,2,13.909580981105687,233.76149774185726,767.9440306683654,1,425.07849224162226,K
2,1,7.840732625801544,220.31236263126047,1401.7696587378334,3,653.2375448211885,A
1,5,13.73933248098539,263.9001867656255,1189.4605816738003,1,762.4094275320094,K
0,2,23.82781008364679,210.14857378962293,1102.923687499425,4,457.1260300744475,K
6,0,13.659114529853747,94.63057298715314,1523.0435218088946,3,605.342292741646,A
1,1,6.506320057019843,208.80143526677557,598.8235149578943,1,575.5592765597082,V
1,0,8.464210917029664,233.42830152892736,1524.9584099625351,5,984.850149657492,A
0,0,5.346782969952263,277.68321589111446,517.503175894678,1,601.4089176583827,V
2,2,7.329332930358728,253.19350970141102,500.8633085265186,1,446.91206958846317,V
0,4,11.878026314310553,122.38739393154287,867.8538004999508,3,727.1903877143176,K
2,0,12.088122833483666,178.4815675606332,1733.9278639614029,2,949.5334735866087,A
1,2,16.15500395799222,309.2355399214738,1078.5490532626654,1,717.4816752816007,K
4,2,13.67153354976864,154.7254458081625,1271.0189008315717,3,765.7025079881886,A
1,1,5.103566089749084,210.24475550555204,635.7323783697843,0,416.8500474610245,V
6,0,12.538428695916735,230.06274339213377,1843.9731227800319,4,630.1625750484161,A
9,0,4.972792652225357,66.39529748568218,1006.8298834791203,2,767.4498397213666,A
5,0,11.170669778585772,170.54311704544145,1949.2545940972789,5,794.1861869844847,A
0,1,8.321158699202982,313.5042839058729,633.3942426842026,1,407.8442277282138,V
2,1,16.233850226010684,286.734249468073,769.6308691541797,2,657.8458617150723,K
1,1,5.817280821276357,283.967689140245,976.9895456037074,1,411.9005807331231,V
1,1,6.238701541041215,217.01428659020326,564.680450752462,5,455.6589310279656,V
4,0,7.388207728611071,151.7354415707236,756.9381055469551,3,640.4033418656289,A
1,3,16.665965038491734,322.04835073062765,603.5402956987286,1,496.6154007493089,K
1,2,6.783034487542681,282.5222276827759,834.5753152853217,0,473.5572759906298,V
0,0,5.487391386164873,200.5214137416364,757.1898194664772,2,527.5480166936936,V
1,1,16.086341222956097,251.0017642799835,1052.9593956164404,2,474.5101089796342,K
0,0,7.025629822555508,192.59019056030633,986.2548834517711,0,743.9655759563946,K
0,0,2.1300893398023573,331.68560551615326,557.3081501064697,0,395.63384555617347,V
1,2,14.266374557934732,446.2252565266598,482.90545113637984,2,360.7522031087654,K
2,4,10.420763442531696,145.99382004509556,609.1011549413716,2,603.6388658952475,K
0,0,5.460903827387489,334.50879050889915,530.9473105202688,4,341.22078392977824,V
0,2,14.862965017530607,234.83406878226555,733.4025669720472,0,855.6028894215583,K
0,2,5.721332913058996,303.4508498183049,581.2400938705231,1,571.7559826119765,V
1,3,9.971592386704629,240.56876017965487,996.3547376098212,1,426.5688347587768,K
2,2,6.74484404123196,331.8056339413223,419.6959549383838,0,317.2979749787586,V
3,0,12.363583740525094,123.82857941654763,1294.2681013226834,2,679.9648046995585,A
1,2,12.819527980580904,456.44849808169283,883.4035115077583,2,544.8150091657891,K
0,1,6.674597914621162,321.31528536125876,744.7407923020735,2,588.7220625204296,V
1,3,16.254851645067728,288.14815276739535,727.4749334246346,0,282.13429077442856,K
1,2,8.64529872562507,272.04823868061055,634.8217450652672,0,397.5470438506433,V
0,1,8.437364422405981,208.67629934428743,358.37049176811644,2,341.95876147687596,V
2,1,12.95683614033223,233.5294763883282,914.8279946050576,1,758.0091477354401,K
3,2,9.467771719033486,225.41416867168797,736.955330466471,2,505.3274701127698,K
3,1,16.043248325519542,178.47939878018784,1325.3865029931244,4,702.9749789372122,A
2,1,18.185140525516285,253.94536653677434,830.1559396336531,3,463.6973875041573,K
0,1,9.09769319790594,289.33271041734815,224.81801997012764,1,460.0429115618074,V
2,0,11.778569353263041,179.28449484775663,1418.977089222517,4,597.7735877804151,A
0,3,17.122248707716032,159.77278668916526,998.2471742543047,0,540.7342481817609,K
1,2,18.626736250030117,278.84615987771383,919.3077176339966,2,586.1591546308001,K
0,3,6.794413393665469,267.49570823362694,388.6123134377881,3,343.64542393325365,V
1,1,9.653061909921057,341.1882504044404,466.81486725583653,2,435.10759082751355,V
4,0,6.774965455151333,170.65802988562334,1765.1724359419406,1,765.567351336883,A
0,1,7.93017416812613,240.59876971268199,912.3667547755895,2,294.41678670476256,V
0,0,11.36898683202059,260.0702315912547,223.58899640688628,3,529.9513322211982,K
1,1,10.702584369651415,270.5049531161148,782.6623924209337,0,564.3509857506436,V
4,1,8.149866703331321,181.6085270131929,842.0038012823961,5,815.7581777928935,A
0,3,9.130813982934251,305.4413979067306,184.65095410380513,0,437.2349127672527,V
5,1,7.3362174414771495,145.70094217228063,865.9924212752508,2,844.940191870957,A
0,2,5.5567569156477195,167.6878325808255,903.5163809211026,3,509.12095005608757,K
4,0,10.001601790200562,99.93207957223683,1011.3865262811341,1,659.043994286437,A
2,3,10.961489607414741,100.61174700402219,1106.584542597813,0,489.26510676457656,K
4,0,16.24909992710011,122.75921000765727,1422.8107165492754,2,691.752168449813,A
1,1,5.118925801796818,144.8131465451397,264.65158279558784,3,484.63969261724793,V
2,2,16.928877858242558,200.08965163076635,695.5048014218285,2,481.20559584232115,K
1,0,7.484339061792411,213.32070800237778,829.4448029267169,1,490.04028446130525,V
1,2,6.682772435560788,263.97211942184504,543.3752836888227,1,289.7028542524406,V
1,1,8.47567091426834,137.13368603460032,1531.1228178989688,9,503.6287895976371,A
1,2,6.318753107521956,304.1770068147728,684.5558408360675,0,520.1029802856339,V
1,0,11.92875636913744,199.95746018181543,532.9559286145179,1,565.7129568622411,K
5,0,11.271763176836464,139.0546276600387,1179.6099634398563,2,562.6960435071455,A
0,0,8.45396111552294,310.78381605353144,543.7583228522701,0,536.9906643107547,V
1,1,5.488878626239638,257.32657604183004,476.58419459912204,0,435.5991761455759,V
0,1,6.674874373140836,213.91548027560856,447.386727599295,2,465.18304055431645,V
6,0,10.739399178928851,117.01693394669434,1303.5647001881393,1,783.7680145324614,A
1,0,6.684925498836831,228.1032961176873,408.5702005437455,1,612.5477923764914,V
0,4,13.539200061060333,170.57578908518371,1065.6533001929981,1,687.4932391152478,K
1,0,5.3595884660259046,258.7399362499848,602.2347062480137,0,552.2604384699099,V
2,1,2.881668519362039,200.99628756753185,782.4381157001882,0,370.4804589330525,V
4,0,13.606243469699207,68.13077910913779,1323.499798808247,1,838.8282574606399,A
0,0,5.48458142060556,288.7853181522711,299.2199572143172,0,517.4672127557191,V
0,0,10.83588402674538,166.61290905680673,2041.3152597163219,3,655.2779520262208,A
3,1,6.693993959215257,189.38160873816403,1972.201261110191,6,892.4074660535682,A
0,0,6.338866351637179,203.74634442241688,518.754580669953,1,457.54704160320534,V
2,1,10.839766105926534,124.6003366484224,1106.8046316845807,5,576.7641404351393,A
0,2,16.379609935693907,330.1409298131958,548.3745192734453,5,629.3384911066621,K
1,0,5.564203802482591,150.04634666166416,582.2964281091784,0,497.19145569393356,V
2,0,8.051919584393028,106.64386046334431,1696.0208014822779,5,833.43665882766,A
1,2,6.583766108581428,294.9329590192287,380.36232060630255,2,427.57444605475155,V
0,2,9.417056333999763,65.40348214669973,797.8401406282958,1,602.077587861338,K
1,1,7.403608407649854,275.367862873368,726.637821041618,0,463.86404979338283,V
0,1,6.623719449818055,158.9988096326619,656.279680402503,0,569.2516511118603,V
2,0,13.50749527733,193.3376170183734,1223.8038934461947,4,625.3514676366781,A
2,0,11.206199760102676,171.19819692653834,1331.7809861630883,2,628.6946791633694,A
0,0,4.731329461899419,287.445001781371,730.560017079998,1,334.71926140248905,V
1,2,9.367997084816764,91.3160705739005,890.9118085274856,1,383.97184551922794,K
1,0,6.811015356962851,276.2765889030317,521.2931520915936,0,390.6348201740242,V
0,5,9.472566356830574,100.74694552910032,705.739562659935,0,559.8129889409397,K
1,3,13.684491689832008,245.64332846993295,902.5769125882813,0,759.4736048639472,K
1,0,13.361086945581874,161.13035112058589,932.6886874816317,1,547.9440354741951,K
1,3,10.599810312443653,130.5002369077519,1554.9868232307726,9,645.6159628964315,A
1,0,11.997657527858289,84.49857820704949,1162.1178451472688,3,834.3761681858641,A
2,3,12.122375663690377,214.7987462873329,852.0870065729991,1,644.536881168403,K
0,0,2.974731368449897,120.2818331622087,955.0433360998036,1,282.2642779609829,V
1,3,14.954194949161144,220.26037253890348,1017.293847458477,1,531.8909057814029,K
1,1,8.079581843771033,114.60174607811862,1251.450561690561,8,923.7858365450509,A
0,2,8.307868728282081,105.91766621615761,1137.512010889949,3,650.5639792497481,K
6,0,8.146149476027919,181.6084771513468,1401.6539246845318,1,683.4715290462277,A
2,1,9.08448558555255,100.90267447801607,1302.257291547934,5,667.1941498567558,A
0,1,3.612018779921389,268.13608954060214,515.6120755055312,2,457.7657482197083,V
5,1,11.666437222844667,207.63504243147779,1293.8712149880525,3,856.0000348807887,A
1,0,6.673759874777292,217.26859504567773,530.7526379664183,2,333.72210578341696,V
1,2,8.868598334021188,214.76637555358099,1326.407538022714,8,721.7309332254008,A
1,0,5.010416235008631,228.57187052533195,846.5309323827596,0,516.1090022027338,V
1,1,7.723717648710902,274.91160242262424,1095.0851511102678,2,558.7679704533052,K
5,2,18.267187047537817,329.36822129161874,566.9715743614909,2,711.2249092424655,K
1,2,15.970646703690653,284.1031490138123,769.664411681419,0,572.4202909570001,K
0,4,17.68055765180599,349.7961788597424,1018.4012675747307,0,810.947034196854,K
5,1,7.440864013047949,182.9437053685927,2237.944328106538,1,864.3963075379761,A
0,2,12.864533095077888,203.6604941758791,579.050139701164,2,605.2909268195267,K
2,0,7.284799030855294,159.57541522654046,1266.4562573991875,8,752.9016326696544,A
0,1,7.0710771270196995,257.26055256009397,682.0071946854375,1,353.19169244009254,V
0,1,3.8000220542686853,239.72226468634778,352.2070289925241,1,400.1149390779593,V
3,1,1.5192388104890604,234.9211396361413,453.90476283600947,0,410.3148425905271,V
1,0,8.132637553631618,173.1868483731331,635.1995465483469,1,430.08982906073607,V
0,0,6.6705932115436815,165.28498515350992,560.2087302463922,1,428.0900865489417,V
0,1,10.041871980555472,111.0655217431796,985.429822811578,1,693.8933323897585,K
0,1,7.216529919424978,178.8025411829805,488.6595340401834,2,591.1702320632284,V
0,3,12.263726037294198,262.1186010656348,646.3124870165866,1,696.8007994901765,K
1,3,22.756860780819476,278.3672165879568,933.9409843169826,7,541.9259396614367,K
2,2,27.6931944296334,193.88212532657036,1213.9028996170705,0,534.8388695013147,K
1,1,17.94043776891298,381.475471287309,1084.4113732090962,1,540.6932607189682,K
0,2,17.352516514038765,243.67399835929862,708.9918794393054,2,659.3979092777937,K
1,2,5.665521032184616,281.6016382070459,655.1088728353743,1,452.2883195214122,V
3,0,12.937909857419879,75.38321593820375,1889.1312363653042,6,620.3974534578682,A
0,0,6.3821934702531715,313.3235029818076,659.6695148417216,0,369.5433046175119,V
2,1,5.437049227911192,245.06559420233495,413.1568438154679,2,457.1089344517422,V
3,0,9.596291153594843,80.44217119680943,705.3776776235871,3,564.4241647691879,A
5,0,11.17089233932375,75.89476412020544,1133.910723238543,0,790.2256108226607,A
2,0,22.205182310418603,213.81768715552258,869.4642664445117,2,577.5427923886327,K
0,1,2.7923368008994927,268.15023195538794,561.034580016658,1,525.7457048463594,V
0,3,14.330662620599284,203.3404359302819,805.4892858399842,1,685.4248048022947,K
0,2,6.715906257729259,203.0604190732382,576.3319302041912,1,381.19915613582543,V
3,0,8.001174170261178,141.4596290540437,1652.7942997825173,2,930.3911354270404,A
1,0,8.326466849959546,273.8972733170048,505.32665968142396,3,475.57758052623495,V
1,3,15.579977914393002,385.15119656979095,1079.230070373796,1,576.8684783826571,K
2,1,11.954157332876886,146.08379292988548,1065.5843841685273,3,743.9318632185908,A
1,0,14.170835928816738,207.06136613142297,1132.0565423794012,0,440.0738803257791,V
0,3,14.727989805349635,130.83907336248052,943.9723250320837,3,711.7959690380692,K
1,3,3.9616891631742712,214.9125522722857,760.4335047473726,1,393.3896021868045,V
0,2,9.868156681146473,255.30129106144676,615.7267289976687,0,570.4135366199779,K
0,1,3.3762809839703096,216.96803260977623,481.77029245492,2,616.7567937159134,V
0,0,5.057525630525422,311.342392123503,587.4047903228229,0,489.0603001458895,V
2,1,2.9223047912285054,322.01596094275374,564.1458236843381,1,524.2321404949649,V
1,1,11.755007592971698,145.7044078962071,801.1505844525044,4,636.9740807344634,A
2,4,11.250180596533202,76.83384687561664,910.5242781025499,0,697.5712256236435,K
4,1,12.74112330371821,126.85579896118216,1668.27925805383,4,673.2536927069507,A
0,0,6.662136133529447,211.7788578996185,665.8979407377898,2,535.9035103801089,V
2,1,10.40545876494891,133.98030697546417,1403.6733869450622,7,603.2429904138226,A
4,2,6.772127948419226,91.12836737936847,1813.9986992943486,1,580.1673246534858,A
0,1,6.667461809085223,232.8749823824262,463.77450083648944,0,523.3336881269004,V
4,1,11.292228270762825,181.12370897139294,1707.0953821911567,3,923.9734922397004,A
4,0,11.838427033804006,66.71521676466918,1111.3139212405395,1,746.6999465824229,A
2,0,7.243020547726262,154.74214578522535,1681.942344283984,1,715.177453671015,A
3,1,11.260659575717543,146.74507191798278,1176.838040355067,2,752.2162055314808,A
1,0,5.005040965809527,285.13725263488624,447.37224630556767,1,605.562092178431,V
0,4,13.466270577856932,411.04299742064666,947.1361277493913,4,470.77780333401836,K
2,2,12.454328001516583,84.4563340645878,831.8524598166384,1,315.1906550194892,K
0,4,16.650312020679728,195.38818491299446,538.4468372248025,2,618.2786525546504,K
0,1,11.912063583325281,328.3923764323743,790.8357425117038,2,430.83690977311267,K
0,0,8.729647153036034,158.12662963162055,1751.6393516970802,3,803.6419414090554,A
1,4,12.573558558113842,224.8664213000494,288.10359757662616,2,596.306279310533,K
1,2,3.8784692149041646,239.42533778486313,760.8460438078268,1,214.05920222079138,V
2,0,6.2731305254872565,141.32553874422928,1599.3782411291975,4,877.1628608561896,A
0,4,17.157372812459563,252.69750594248978,790.2584092761755,2,628.2112027939004,K
0,1,12.982230865899169,302.02947326493154,521.3845459262691,1,617.2372424287986,K
1,1,9.50604856841923,158.5391728185386,1909.938486695349,4,517.1402891787232,A
2,3,16.28022237432615,274.68050875041575,1344.9399031008359,0,766.2208426972566,K
5,0,13.679624926532966,64.97972688663454,1338.8891629518805,2,692.0572283526596,A
0,0,9.897580096040784,325.9465141206975,243.86852038829323,1,404.2326029337692,V
1,8,9.411734093157683,269.628638229065,1182.3978483016554,1,405.2463097612592,K
5,0,8.102868163106258,196.95643810715077,1883.1102924854772,3,885.8467092379072,A
1,9,19.044358720750935,228.10401581124452,817.4401429694462,2,534.3091626143316,K
0,1,17.64945095623159,169.36678453551687,574.6629188979855,1,541.0981071531786,K
0,1,5.988981201036618,264.03147595222856,694.6894841288588,2,386.1183748943539,V
0,2,10.280987789016816,319.17070203766957,905.2492995877774,2,512.092812683745,K
0,0,7.006172059506326,267.1486589915986,653.1982137442332,1,422.0171637883017,V
2,1,14.458867184454673,122.14262005644711,598.0807863497303,1,650.2797556372738,K
0,4,14.519010252863126,105.10361613873884,773.2444370358807,0,344.38763577910635,K
5,1,11.177981973423481,150.05445037887188,1558.0659910235902,3,679.4950016618383,A
1,2,17.353905798626474,199.0253966248013,920.8856177941601,2,470.9160901802727,K
1,2,11.601851903016026,147.54194022158643,1081.5873137150197,2,697.5432559134409,A
0,0,5.597777536067602,191.27412821432273,406.4915794009079,0,625.0298266468293,V
6,0,5.227216420836237,149.92167234907197,1251.3690029602892,5,778.3419700810814,A
2,0,10.399693997821638,176.2703783192316,1254.5168706594993,2,646.5448514427469,A
0,0,4.56152368296272,281.10859746962467,522.5158447500171,0,306.3716587999907,V
0,0,5.990428502753123,281.7715157656077,657.6570780022768,0,400.2159550955558,V
8,0,7.363097712518769,139.25867675274495,1786.353644060523,1,801.325913372512,A
0,2,18.433305879491986,193.87566532750728,1201.9730299488838,2,656.6008295958633,K
0,0,5.77453591604685,226.7314712818848,1003.4873329417442,1,1129.1345466766907,A
1,2,12.872671978114877,241.05533925666668,1087.7693850339936,0,764.5983478265707,K
8,0,7.390106165981123,201.56467659466986,1560.0116892688275,1,681.8031242329707,A
0,1,12.682758823460672,344.59983198170937,581.7778002011833,1,857.7288112207664,K
4,3,10.543373388553714,214.2746731925513,713.5687837481684,1,474.4158088097728,K
0,0,6.862034861967516,228.2866770865186,605.4699224928545,1,559.1811130576615,V
1,0,9.18224754093502,103.39496129118632,1091.2491186408702,2,629.2756127258273,A
0,1,16.007227707557618,105.5435002716551,683.1344162304504,2,383.2953774177839,K
1,3,17.231361388118575,210.56439756952688,792.1147064134992,2,459.69326829394925,K
4,0,7.954122538629841,91.60270269333265,1166.6159835703943,3,1046.8684518159012,A
2,3,10.195506919331457,195.9663356226068,725.6213179863496,2,565.898920156759,K
0,8,24.12942893598379,175.17806837322524,634.2296334347109,1,738.7565273100031,K
2,1,4.597293859325507,287.4185428564973,483.9064662285207,1,463.10475041116155,V
2,0,8.948807281446031,151.7251494355564,1549.4730596584982,3,686.6377282572155,A
1,3,7.2108766300202465,323.23837732737286,964.5740433783114,1,495.58326485573565,K
1,1,7.469274481864214,252.51451476291575,557.408010182952,0,391.92757983632436,V
0,4,12.430794294708358,207.02922786064647,673.5178455806101,1,815.571306862717,K
0,0,3.4031264990865284,250.42685071963743,564.3592980716278,1,435.2276774672219,V
4,0,13.395423177318065,124.95284599126425,1607.0789855242165,4,723.2240642411308,A
0,0,4.26984688566289,225.23361204680663,372.9522425956377,0,527.990218909416,V
4,0,7.8365672805087465,105.77525924449395,1710.239898117126,5,745.2538301912423,A
0,0,10.001517806461111,264.09564073793,479.95318976843765,1,488.61719216507333,V
4,0,15.049278488606577,79.17719056173097,1236.45851282769,6,644.6825784953629,A
0,0,3.337234370460918,259.1780862466064,431.2075135128757,0,274.97891830520564,V
0,0,2.0332377903612806,287.1359263066277,483.2096549631103,0,480.94880935323937,V
0,2,15.566213181361547,408.15698220922013,785.6104098059972,4,599.1936442666082,K
0,0,5.123453700985137,227.89765703814322,659.7920253443324,2,447.535927163363,V
2,0,6.571009079298961,186.2172943729843,557.2584885712532,3,494.4042865942194,V
0,1,7.936923522651218,234.54054389958617,519.1846508627557,2,480.4884752451638,V
2,1,6.842698397916887,150.15940096011747,959.7333852212194,3,589.776054122195,A
2,0,7.869372502709533,208.70502194549087,479.29792546304765,1,420.80935262545677,V
2,0,8.112971989775561,138.0174576227126,2000.354970066409,3,583.8299176009534,A
1,2,8.021510499981426,213.4521535340732,1235.8162735137594,2,607.6965278780567,A
0,1,7.171740756096788,212.26836348184247,433.968760612355,0,384.71150373373064,V
1,1,1.3141172181635108,251.35685978184927,890.4218352262741,0,416.2048849825654,V
1,0,8.514349488836679,268.15372512330777,543.7806513844268,0,263.8502338026043,V
2,3,15.675599253049851,204.79864508955822,1036.9779977488752,2,559.4122597750128,K
1,1,7.279612497018847,314.3077483841051,667.4165975841614,1,447.45170655799546,V
2,0,7.133301869668905,110.2249406669747,2062.0682824765167,5,874.288446857004,A
2,5,19.041403819086423,198.05255336825905,1132.3588190070286,4,803.4811961271085,K
0,1,4.123953415387366,299.2554034753104,754.5010060211954,0,472.5046968447085,V
0,0,4.435588695502517,297.52664919110737,503.1718870112027,2,454.17548910891367,V
2,2,11.462983707202362,88.68276743406717,628.950761738995,2,565.7092613032979,K
0,3,15.378751548149967,115.3158699001389,1066.2384549673352,2,668.8939113309714,K
0,1,6.370666574966932,228.94978352045348,722.5462901857852,0,298.8838225974131,V
3,1,10.220200020026498,146.85151326775465,1555.8762893630335,5,817.1453006754846,A
7,0,14.291796759459997,192.06638296358142,1647.1242693467766,4,724.4553121587174,A
3,1,14.649983667649781,100.60198757444675,1423.567800351858,8,786.9801076521235,A
3,1,9.237501289499765,164.29887821284342,1312.184790275287,2,1034.6950699283127,A
4,0,11.069139781293128,125.46577176021343,1338.2192922039278,5,436.5456890319184,A
1,4,7.975881983134714,237.8602382390611,814.1942834991864,2,738.0929667096702,K
3,1,14.57149847915039,130.07967671352696,1297.4134081879233,3,614.3216685553846,A
5,0,6.118861796926376,186.48472178630527,1482.4067393147618,8,653.7703509617326,A
0,0,5.444250093289808,130.12415531683268,1328.609599927097,4,691.68636247684,A
1,1,4.455512012034157,255.73763941946837,763.6348963549917,0,391.5977882354361,V
3,0,11.661167035652149,166.4596019942612,1165.1588132894963,5,749.7296532570331,A
1,0,5.43055274219428,325.4703616700199,759.58950804865,3,317.93315853873384,V
6,0,7.895613750310827,100.306361296402,1348.470516611055,5,1141.8395566072638,A
3,1,15.060412083178687,143.24809061431097,942.1944429082831,2,732.3356285792031,A
1,2,20.337821415327703,300.94584666956246,872.6192189546622,4,425.68294842642354,K
4,2,13.372812968653502,190.53953470748024,763.6644252792602,2,600.1073237712795,K
4,0,9.040607968641437,131.53769456601052,1574.570080263919,3,612.2506895242466,A
1,0,4.879268946915067,90.18301044974675,1130.6798689487337,3,685.5951403827763,A
0,0,6.456775887141043,151.54869717501498,476.66319266233097,2,345.06506325052374,V
0,3,5.830771638874753,302.1129867775127,697.9321331923954,0,408.3008297306318,V
2,0,6.25915576431594,171.3154347291882,460.99034212495934,1,370.3770891531259,V
